1,1,0,0,0,0,1,0,0,0,0,1,0,0,0
2,0,0,1,0,1,0,0,0,0,0,1,0,0,0
3,1,0,0,0,1,1,0,0,0,0,1,0,0,0
4,1,0,0,0,0,1,0,0,0,0,1,0,0,0
5,0,1,0,0,0,1,0,0,0,0,0,0,1,0
6,0,0,1,0,0,0,0,0,0,1,0,0,0,1
7,1,0,0,0,0,1,0,0,0,0,1,0,0,0
8,1,0,0,0,0,1,0,0,0,0,1,0,0,0
9,1,0,0,0,0,1,0,0,0,0,1,0,0,0
10,1,0,0,0,0,1,0,0,0,0,1,0,0,0
11,1,0,0,0,0,1,0,0,0,0,1,0,0,0
12,1,0,0,0,1,1,0,0,0,0,1,0,0,0
13,0,1,0,0,0,1,0,0,0,0,0,0,1,0
14,0,1,0,0,0,1,1,0,0,0,0,0,1,0
15,0,0,1,0,0,1,0,0,0,0,0,1,0,0
16,1,0,0,0,1,1,0,0,0,0,1,0,0,0
17,1,0,0,0,0,1,0,0,0,0,1,0,0,0
18,1,0,0,0,1,1,0,0,0,0,1,0,0,0
19,1,0,0,0,0,1,0,0,0,0,1,0,0,0
20,1,0,0,0,1,1,0,0,0,0,1,0,0,0
21,1,0,0,0,0,1,0,0,0,0,1,0,0,0
22,1,0,0,0,1,1,0,0,0,0,1,0,0,0
23,0,1,0,0,0,1,0,0,0,0,0,0,1,0
24,1,0,0,1,0,1,0,0,0,0,1,0,0,0
25,1,0,0,0,0,0,0,0,1,0,0,1,0,0
26,1,0,0,0,1,1,0,0,0,0,1,0,0,0
27,1,0,0,0,0,1,1,0,0,0,1,0,0,0
28,1,0,0,0,0,1,0,0,0,0,1,0,0,0
29,0,0,1,1,0,0,0,0,0,0,0,0,0,1
30,1,0,0,0,1,1,0,0,0,0,1,0,0,0
31,1,0,0,0,0,1,0,0,0,0,1,0,0,0
32,0,1,0,0,1,1,0,0,0,0,0,0,1,0
33,1,0,0,0,1,1,0,0,0,0,1,0,0,0
34,1,0,0,0,1,1,0,0,0,0,1,0,0,0
35,1,0,0,0,1,1,0,0,0,0,1,0,0,0
36,0,1,0,0,0,1,0,0,0,0,0,0,1,0
37,0,1,0,0,0,1,0,0,0,0,0,0,1,0
38,0,1,0,0,0,1,0,0,0,0,0,0,1,0
39,0,1,0,0,0,1,0,0,0,0,0,0,1,0
40,1,0,0,0,1,1,0,0,0,0,1,0,0,0
41,1,0,0,0,0,1,0,0,0,0,1,0,0,0
42,1,0,0,0,0,1,0,0,0,0,1,0,0,0
43,0,1,0,1,0,0,0,0,0,0,0,0,1,0
44,1,0,0,0,0,0,0,0,0,1,1,0,0,0
45,1,0,0,0,0,1,0,0,0,0,1,0,0,0
46,0,0,1,0,0,0,0,0,0,1,0,0,0,1
47,0,1,0,0,0,1,0,0,0,0,0,0,1,0
48,1,0,0,0,1,1,0,0,0,0,1,0,0,0
49,0,1,0,0,0,1,0,0,0,0,0,0,1,0
50,1,0,0,0,1,0,0,0,0,0,1,0,0,0
51,1,0,0,0,0,1,0,0,0,0,1,0,0,0
52,1,0,0,0,0,1,0,0,0,0,1,0,0,0
53,0,1,0,0,0,1,0,0,0,0,0,0,1,0
54,0,1,0,0,0,1,0,0,0,0,0,0,1,0
55,0,1,0,0,1,1,0,0,0,0,0,0,1,0
56,0,1,0,0,0,1,0,0,0,0,0,0,1,0
57,0,1,0,0,1,1,1,0,0,0,0,0,1,0
58,0,0,1,1,0,0,0,0,0,0,0,0,0,1
59,1,0,0,0,1,1,0,0,0,0,1,1,0,0
60,0,1,0,0,0,1,1,0,0,0,0,0,1,0
61,0,1,0,0,0,1,0,0,0,0,0,0,1,0
62,1,0,0,0,1,1,0,0,0,0,1,0,0,0
63,0,0,1,0,0,1,0,0,0,0,1,0,0,0
64,0,1,0,0,0,1,0,0,0,0,0,0,1,0
65,1,0,0,0,1,1,0,0,0,0,1,0,0,0
66,1,0,0,0,0,1,0,0,0,0,1,0,0,0
67,1,0,0,0,1,1,0,0,0,0,1,0,0,0
68,0,1,0,0,1,1,0,0,0,0,0,0,1,0
69,1,0,0,0,0,1,0,0,0,0,1,0,0,0
70,0,0,1,0,0,1,1,0,0,0,1,0,0,0
71,0,0,1,1,0,1,1,0,0,0,1,0,0,0
72,0,0,1,1,0,1,1,0,0,0,1,0,0,0
73,0,0,1,1,0,1,1,0,0,0,1,0,0,0
74,0,0,1,1,0,0,0,0,0,0,0,0,0,1
75,0,1,0,0,0,1,0,0,0,0,0,0,1,0
76,0,1,0,0,0,0,0,0,1,0,0,0,1,0
77,1,0,0,0,1,1,0,0,0,0,1,0,0,0
78,1,0,0,0,0,1,0,0,0,0,1,0,0,0
79,0,0,1,1,0,0,0,0,0,0,0,1,0,0
80,0,0,1,0,0,0,0,0,0,1,0,1,0,0
81,1,0,0,0,1,1,0,0,0,0,1,0,0,0
82,0,1,0,0,0,1,0,0,0,0,0,0,1,0
83,1,0,0,0,1,1,0,0,0,0,1,0,0,0
84,1,0,0,0,1,1,0,0,0,0,1,0,0,0
85,0,1,0,0,0,0,1,0,0,0,0,0,1,0
86,1,0,0,0,0,1,0,0,0,0,1,0,0,0
87,1,0,0,1,0,0,0,0,0,0,1,0,0,0
88,1,0,0,0,0,1,0,0,0,0,1,0,0,0
89,1,0,0,0,1,1,0,0,0,0,1,0,0,0
90,0,0,1,0,1,0,0,0,0,0,1,0,0,0
91,0,0,1,0,1,0,0,0,0,0,1,0,0,0
92,0,0,1,0,1,0,0,0,0,0,1,0,0,0
93,1,0,0,0,1,1,0,0,0,0,1,0,0,0
94,0,1,0,0,1,1,0,0,0,0,0,0,1,0
95,0,0,1,0,1,0,0,0,0,0,1,0,0,0
96,0,1,0,0,0,1,0,0,0,0,0,0,1,0
97,0,0,1,0,1,0,0,0,0,0,0,0,0,1
98,0,0,1,0,1,0,0,0,0,0,0,0,0,1
99,0,0,1,1,0,0,0,0,0,0,0,1,0,0
100,1,0,0,0,0,1,0,0,0,0,1,0,0,0
101,1,0,0,0,0,1,0,0,0,0,1,0,0,0
102,0,0,1,1,0,0,0,0,0,0,0,1,0,0
103,1,0,0,0,0,1,0,0,0,0,1,0,0,0
104,0,1,0,0,0,1,0,0,0,0,0,0,1,0
105,1,0,0,0,0,1,0,0,0,0,1,0,0,0
106,0,0,1,0,1,0,0,0,0,0,1,0,0,0
107,1,0,0,0,0,1,0,0,0,0,1,0,0,0
108,0,1,0,0,0,1,0,0,0,0,0,0,1,0
109,0,0,1,0,0,0,0,0,0,1,0,1,0,0
110,0,0,1,0,1,0,0,0,0,0,0,0,0,1
111,1,0,0,0,0,1,0,0,0,0,1,0,0,0
112,1,0,0,0,1,1,0,0,0,0,1,0,0,0
113,0,0,1,0,1,0,0,0,0,0,0,1,0,0
114,0,1,0,0,1,1,0,0,0,0,0,0,1,0
115,1,0,0,1,0,1,0,0,0,0,1,0,0,0
116,1,0,0,1,0,0,0,0,0,0,1,0,0,0
117,0,1,0,0,0,1,1,0,0,0,0,0,1,0
118,0,1,0,0,0,1,0,0,0,0,0,0,1,0
119,0,1,0,0,0,1,0,0,0,0,0,0,1,0
120,1,0,0,0,1,1,0,0,0,0,1,0,0,0
121,1,0,0,0,0,1,0,0,0,0,1,0,0,0
122,0,1,0,0,0,1,1,0,0,0,0,0,1,0
123,1,0,0,0,0,1,0,0,0,0,1,0,0,0
124,1,0,0,0,0,1,0,0,0,0,1,0,0,0
125,1,0,0,0,0,1,0,0,0,0,1,0,0,0
126,1,0,0,0,0,1,0,0,0,0,1,0,0,0
127,1,0,0,0,0,1,0,0,0,0,1,0,0,0
128,1,0,0,0,0,1,0,0,0,0,1,0,0,0
129,0,0,1,1,0,0,0,0,0,0,0,1,0,0
130,1,0,0,0,0,1,0,0,0,0,1,0,0,0
131,1,0,0,0,0,1,0,0,0,0,1,0,0,0
132,1,0,0,0,0,1,0,0,0,0,1,0,0,0
133,1,0,0,0,0,1,0,0,0,0,1,0,0,0
134,1,0,0,0,0,1,0,0,0,0,1,0,0,0
135,0,1,0,0,0,1,0,0,0,0,0,0,1,0
136,1,0,0,0,0,1,0,0,0,0,1,0,0,0
137,1,0,0,0,0,1,0,0,0,0,1,0,0,0
138,0,0,1,1,0,0,0,0,0,0,0,1,0,0
139,1,0,0,0,0,1,0,0,0,0,1,0,0,0
140,1,0,0,0,1,1,0,0,0,0,1,0,0,0
141,1,0,0,0,0,1,0,0,0,0,1,0,0,0
142,1,0,0,0,1,1,0,0,0,0,1,0,0,0
143,1,0,0,0,0,1,0,0,0,0,1,0,0,0
144,1,0,0,0,1,0,0,0,0,0,1,0,0,0
145,0,1,0,0,0,1,1,0,0,0,0,0,1,0
146,1,0,0,0,0,1,0,0,0,0,1,0,0,0
147,0,1,0,0,0,1,1,0,0,0,0,0,1,0
148,0,1,0,0,0,1,0,0,0,0,0,0,1,0
149,1,0,0,0,0,1,0,0,0,0,1,0,0,0
150,0,1,0,0,0,0,1,0,0,0,0,0,1,0
151,0,0,1,1,0,0,0,0,0,0,0,1,0,0
152,0,0,1,1,0,0,0,0,0,0,0,1,0,0
153,1,0,0,0,1,1,0,0,0,0,1,0,0,0
154,1,0,0,0,1,0,0,0,0,0,1,0,0,0
155,1,0,0,0,0,1,0,0,0,0,1,0,0,0
156,0,1,0,0,0,1,0,0,0,0,0,0,1,0
157,1,0,0,0,1,1,0,0,0,0,1,0,0,0
158,0,0,1,0,1,1,0,0,0,0,1,0,0,0
159,0,1,0,0,0,1,1,0,0,0,0,0,1,0
160,1,0,0,0,1,1,0,0,0,0,1,0,0,0
161,1,0,0,0,0,1,0,0,0,0,1,0,0,0
162,0,1,0,0,0,1,0,0,0,0,0,0,1,0
163,1,0,0,0,1,1,0,0,0,0,1,0,0,0
164,0,1,0,0,0,1,0,0,0,0,0,0,1,0
165,0,1,0,0,0,1,0,0,0,0,0,0,1,0
166,1,0,0,0,1,1,1,0,0,0,1,0,0,0
167,1,0,0,0,0,1,0,0,0,0,1,0,0,0
168,1,0,0,0,0,1,0,0,0,0,1,0,0,0
169,1,0,0,0,1,1,0,0,0,0,1,0,0,0
170,0,1,0,0,1,0,0,0,0,0,0,0,1,0
171,1,0,0,0,0,1,0,0,0,0,1,0,0,0
172,1,0,0,0,0,1,0,0,0,0,1,0,0,0
173,0,0,1,1,0,0,0,0,0,0,0,1,0,0
174,0,1,0,0,0,1,1,0,0,0,0,0,1,0
175,1,0,0,0,1,1,0,0,0,0,1,0,0,0
176,0,0,1,1,0,0,0,0,0,0,0,1,0,0
177,0,1,0,0,1,0,0,0,0,0,0,0,1,0
178,1,0,0,0,0,1,0,0,0,0,1,0,0,0
179,0,1,0,0,0,1,0,0,0,0,0,0,1,0
180,0,0,1,0,0,0,0,0,0,1,0,0,0,1
181,0,1,0,0,0,1,0,0,0,0,0,0,1,0
182,1,0,0,0,0,1,0,0,0,0,1,0,0,0
183,0,1,0,0,0,1,1,0,0,0,0,0,1,0
184,1,0,0,0,0,1,0,0,0,0,1,0,0,0
185,0,0,1,0,1,0,0,0,0,0,1,0,0,0
186,1,0,0,0,0,1,0,0,0,0,1,0,0,0
187,1,1,1,0,1,1,0,0,0,0,1,1,1,0
188,0,1,0,0,0,1,0,0,0,0,0,0,1,0
189,1,0,0,0,0,1,0,0,0,0,1,0,0,0
190,0,1,0,0,0,1,0,0,0,0,0,0,1,0
191,1,0,0,0,0,1,0,0,0,0,1,0,0,0
192,0,1,0,0,0,1,0,0,0,0,0,0,1,0
193,0,1,0,0,0,1,0,0,0,0,0,0,1,0
194,0,1,0,0,0,1,0,0,0,0,0,0,1,0
195,0,1,0,0,0,1,0,0,0,0,0,0,1,0
196,1,0,0,0,0,1,0,0,0,0,1,0,0,0
197,0,1,0,0,0,1,0,0,0,0,0,0,1,0
198,0,1,0,0,0,1,0,0,0,0,0,0,1,0
199,0,0,1,1,0,0,0,0,0,0,0,1,0,0
200,0,1,0,0,0,1,0,0,0,0,0,0,1,0
201,0,0,1,0,0,0,0,1,0,0,0,0,0,1
202,1,0,0,0,0,1,0,0,0,0,1,0,0,0
203,1,0,0,0,0,1,0,0,0,0,1,0,0,0
204,1,0,0,0,0,1,0,0,0,0,1,0,0,0
205,0,1,0,0,0,1,0,0,0,0,0,0,1,0
206,0,1,0,0,1,1,0,0,0,0,0,0,1,0
207,1,0,0,0,0,1,0,0,0,0,1,0,0,0
208,0,1,0,0,1,0,0,0,0,0,0,0,1,0
209,1,0,0,0,0,1,0,0,0,0,1,0,0,0
210,1,0,0,0,0,1,0,0,0,0,1,0,0,0
211,1,0,0,0,0,1,0,0,0,0,1,0,0,0
212,0,1,0,0,0,0,1,0,0,0,0,0,1,0
213,0,1,0,0,0,0,1,0,0,0,0,1,0,0
214,0,1,0,0,0,1,0,0,0,0,0,0,1,0
215,0,1,0,0,0,0,1,0,0,0,0,0,1,0
216,1,0,0,0,0,1,0,0,0,0,1,0,0,0
217,0,0,0,0,0,0,0,0,0,0,0,0,0,0
218,0,1,0,0,0,0,0,1,0,0,0,0,1,0
219,0,1,0,0,0,1,0,0,0,0,0,0,1,0
220,1,0,0,0,0,1,0,0,0,0,1,0,0,0
221,1,0,0,0,0,1,0,0,0,0,1,0,0,0
222,0,1,0,0,0,0,1,0,0,0,0,0,1,0
223,0,1,0,0,0,1,0,0,0,0,0,0,1,0
224,0,1,0,0,1,0,0,0,0,0,0,0,1,0
225,1,0,0,0,0,1,0,0,0,0,1,0,0,0
226,0,1,0,0,0,0,0,1,0,0,0,0,1,0
227,1,0,0,0,0,1,0,0,0,0,1,0,0,0
228,0,1,0,0,0,1,0,0,0,0,0,0,1,0
229,1,0,0,0,0,1,0,0,0,0,1,0,0,0
230,0,1,0,0,0,1,0,0,0,0,0,0,1,0
231,0,1,0,0,0,1,0,0,0,0,0,0,1,0
232,0,0,1,0,0,0,0,1,0,0,0,1,0,0
233,0,1,0,0,0,1,0,0,0,0,0,0,1,0
234,0,1,0,0,0,1,0,0,0,0,0,0,1,0
235,0,1,0,1,0,0,0,0,0,0,0,1,1,0
236,0,0,1,1,0,0,0,0,0,0,0,1,0,0
237,0,0,1,1,0,0,0,0,0,0,0,1,0,0
238,1,0,0,0,0,0,0,1,0,0,1,0,0,0
239,0,0,1,1,0,0,0,0,0,0,0,1,0,0
240,0,1,0,0,0,1,0,0,0,0,0,0,1,0
241,0,0,1,0,0,0,0,0,0,1,0,0,0,1
242,0,1,0,1,0,1,0,0,0,0,0,0,1,0
243,1,0,0,0,0,1,0,0,0,0,1,0,0,0
244,1,0,0,0,0,1,0,0,0,0,1,0,0,0
245,0,1,0,0,0,1,0,0,0,1,0,0,1,0
246,0,1,0,0,0,1,0,0,0,0,0,0,1,0
247,0,1,0,0,0,0,0,0,0,1,0,0,1,0
248,0,1,0,0,0,0,0,0,0,1,0,0,1,0
249,0,1,0,0,0,1,0,0,0,0,0,0,1,0
250,0,1,0,0,0,1,0,0,0,0,0,0,1,0
251,0,1,0,0,0,1,0,0,0,0,0,0,1,0
252,0,1,0,0,0,1,0,0,0,0,0,0,1,0
253,0,0,1,1,0,0,0,0,0,0,0,1,0,0
254,0,1,0,0,0,1,0,0,0,0,0,0,1,0
255,0,1,0,0,0,1,0,0,0,0,0,0,1,0
256,0,1,0,0,0,1,0,0,0,0,0,0,1,0
257,1,0,0,0,1,1,0,0,0,0,1,0,0,0
258,0,1,0,0,0,0,0,0,0,1,0,0,1,0
259,0,1,0,0,0,1,0,0,0,0,0,0,1,0
260,0,1,0,0,0,0,0,0,1,0,0,0,1,0
261,1,1,0,0,0,1,0,0,0,0,1,0,1,0
262,1,0,0,0,0,1,0,0,0,0,1,0,0,0
263,1,0,0,0,0,1,0,0,0,0,1,0,0,0
264,0,1,0,0,0,1,0,0,0,0,0,1,0,0
265,1,0,0,0,0,1,0,0,0,0,0,0,0,1
266,1,0,0,0,0,1,0,0,0,0,1,0,0,0
267,1,0,0,0,0,1,0,0,0,0,1,0,0,0
268,0,1,0,0,0,0,0,0,0,1,0,0,1,0
269,0,1,0,0,0,1,0,0,0,0,0,0,1,0
270,1,0,0,0,0,1,0,0,0,0,1,0,0,0
271,0,1,0,0,0,1,0,0,0,0,0,0,1,0
272,0,1,0,0,0,1,0,0,0,0,0,1,0,0
273,0,1,0,0,0,0,0,0,0,1,0,0,1,0
274,0,1,0,0,0,1,0,0,0,0,0,0,1,0
275,1,0,0,0,0,1,0,0,0,0,1,0,0,0
276,1,0,0,0,0,1,0,0,0,0,1,0,0,0
277,1,0,0,1,0,0,0,0,0,0,0,1,0,0
278,1,0,0,0,0,1,0,0,0,0,1,0,0,0
279,1,0,0,0,0,1,0,0,0,0,1,0,0,0
280,0,1,0,0,0,1,0,0,0,0,0,0,1,0
281,0,1,0,0,0,1,0,0,0,0,0,0,1,0
282,1,0,0,0,0,1,0,0,0,0,1,0,0,0
283,0,1,0,0,0,1,0,0,0,0,0,0,1,0
284,0,1,0,0,0,0,0,0,0,1,0,0,1,0
285,0,1,0,0,0,1,0,0,0,0,0,0,1,0
286,0,0,1,0,0,0,0,0,0,1,0,0,0,1
287,0,1,0,0,0,1,0,0,0,0,0,0,1,0
288,1,1,0,0,0,1,0,0,0,0,0,0,1,0
289,0,1,0,0,0,1,0,0,0,0,0,0,1,0
290,0,1,0,0,0,1,0,0,0,0,0,1,0,0
291,0,1,0,0,0,1,0,0,0,0,0,0,1,0
292,0,1,0,0,0,1,0,0,0,0,0,0,1,0
293,0,1,0,0,0,0,0,0,0,1,0,0,1,0
294,0,1,0,0,0,1,0,0,0,0,0,0,1,0
295,1,0,0,0,0,1,0,0,0,0,1,0,0,0
296,0,1,0,0,0,1,0,0,0,0,0,0,1,0
297,0,1,0,0,0,1,0,0,0,0,0,0,1,0
298,0,1,0,0,0,1,0,0,0,0,0,0,1,0
299,0,0,1,0,0,0,0,0,0,1,0,0,0,1
300,0,0,1,1,0,0,0,0,0,0,0,1,0,0
301,0,1,0,0,0,1,0,0,0,0,0,0,1,0
302,0,1,0,0,0,1,0,0,0,0,0,0,1,0
303,0,1,0,0,0,1,0,0,0,0,0,0,1,0
304,1,0,0,0,0,1,0,0,0,0,1,0,0,0
305,1,0,0,0,1,1,0,0,0,0,1,0,0,0
306,0,1,0,0,0,0,0,0,0,1,0,0,1,0
307,1,0,0,0,1,1,0,0,0,0,1,0,0,0
308,1,0,0,0,1,1,0,0,0,0,1,0,0,0
309,1,0,0,0,1,1,0,0,0,0,1,0,0,0
310,1,0,0,0,1,1,0,0,0,0,1,0,0,0
311,1,0,0,0,0,1,0,0,0,0,1,0,0,0
312,1,0,0,0,0,1,0,0,0,0,1,0,0,0
313,1,1,0,0,1,1,0,0,0,0,1,0,1,0
314,1,0,0,0,1,1,0,0,0,0,1,0,0,0
315,1,0,0,0,1,1,0,0,0,0,1,0,0,0
316,1,0,0,0,0,1,0,0,0,0,1,0,0,0
317,0,0,1,0,0,0,0,0,0,1,0,0,0,1
318,0,1,0,1,0,0,1,0,0,0,0,0,1,0
319,1,0,0,1,0,0,0,0,0,0,0,1,0,0
320,0,0,1,0,0,0,0,0,0,1,0,0,0,1
321,0,1,0,0,1,0,0,0,0,0,0,0,1,0
322,0,0,0,0,0,0,0,0,0,1,0,0,0,1
323,0,0,1,0,0,0,0,0,0,1,0,0,0,1
324,0,0,1,1,0,0,0,0,0,0,0,0,0,1
325,0,1,0,0,1,1,0,0,0,0,0,0,1,0
326,0,1,0,0,0,1,1,0,0,0,0,0,1,0
327,1,0,0,0,0,1,0,0,0,0,1,0,0,0
328,0,0,1,0,0,0,0,0,0,1,0,0,0,1
329,0,1,0,0,1,0,1,0,0,0,0,0,1,0
330,0,0,1,0,0,0,0,0,0,1,0,0,0,1
331,0,0,1,0,0,0,0,0,0,1,0,0,0,1
332,0,0,1,0,0,0,0,0,0,1,0,0,0,1
333,0,0,0,0,0,0,0,0,0,1,0,0,0,1
334,0,1,0,0,1,1,0,0,0,0,0,0,1,0
335,0,1,0,0,0,0,1,0,0,0,0,0,1,0
336,1,0,0,0,0,1,0,0,0,0,1,0,0,0
337,1,0,0,1,0,0,0,0,0,0,1,0,0,0
338,1,0,0,0,1,0,0,0,0,0,1,0,0,0
339,0,0,1,0,0,0,0,0,0,1,0,0,0,1
340,0,1,0,0,1,0,0,0,0,0,0,0,1,0
341,0,1,0,1,0,1,0,0,0,0,0,0,1,0
342,0,1,0,0,1,0,1,0,0,0,0,0,1,0
343,1,0,0,0,1,0,0,0,0,0,1,0,0,0
344,0,1,0,0,0,1,1,0,0,0,0,0,1,0
345,0,1,0,0,1,0,1,0,0,0,0,0,1,0
346,0,0,1,0,0,0,0,0,0,1,0,0,0,1
347,1,0,0,0,0,0,0,1,1,0,0,1,0,0
348,0,1,0,0,0,1,0,1,0,0,0,0,1,0
349,0,0,0,0,0,0,0,0,0,1,0,0,0,1
350,1,0,0,0,0,1,0,0,0,0,1,0,0,0
351,0,1,0,0,0,1,0,0,0,0,0,0,1,0
352,0,1,0,0,1,0,0,0,0,0,0,0,1,0
353,0,1,0,0,0,1,0,0,0,0,0,0,1,0
354,0,1,0,0,0,1,0,0,0,0,0,0,1,0
355,0,0,1,1,0,0,0,0,0,0,0,1,0,0
356,0,1,0,0,1,0,0,0,0,0,0,0,1,0
357,0,1,0,0,1,0,0,1,0,0,0,0,1,0
358,0,1,0,0,0,1,0,0,0,0,0,0,1,0
359,0,1,0,0,0,0,1,0,0,0,0,0,1,0
360,0,1,0,0,0,1,0,0,1,0,0,0,1,0
361,0,1,0,0,0,1,1,0,0,0,0,0,1,0
362,0,1,0,0,1,0,1,0,0,0,0,0,1,0
363,0,0,0,0,0,0,0,0,0,1,0,0,0,1
364,0,0,1,0,0,0,0,0,0,1,0,1,0,0
365,0,1,0,0,1,0,0,0,0,0,0,0,1,0
366,1,0,0,0,0,1,0,0,0,0,1,0,0,0
367,0,1,0,0,1,1,0,0,0,0,0,0,1,0
368,0,0,1,0,0,0,0,0,0,1,0,0,0,1
369,0,1,0,0,1,1,0,0,0,0,0,0,1,0
370,1,0,0,0,0,0,0,0,1,0,1,0,0,0
371,0,1,0,0,1,0,0,0,0,0,0,0,1,0
372,0,0,0,0,0,0,0,0,0,1,0,0,0,1
373,1,0,0,0,1,0,0,0,0,0,1,0,0,0
374,0,1,0,0,0,0,1,0,0,0,0,0,1,0
375,0,1,0,0,0,1,0,0,0,0,0,0,1,0
376,0,1,0,0,0,1,1,1,0,0,0,0,1,0
377,1,0,0,0,1,0,0,0,0,0,0,1,0,0
378,0,0,1,0,0,0,0,0,0,1,0,0,0,1
379,0,0,1,0,1,0,0,0,0,0,0,1,0,0
380,1,0,0,0,1,0,0,0,0,0,1,0,0,0
381,0,1,0,0,0,1,0,0,0,0,0,0,1,0
382,0,0,1,0,0,0,0,1,0,0,0,1,0,1
383,0,0,1,0,0,0,0,0,0,1,0,0,0,1
384,0,0,1,0,0,0,0,0,0,1,0,0,0,1
385,0,0,1,0,0,0,0,0,0,1,0,0,0,1
386,1,1,0,0,0,1,1,1,0,0,1,0,1,0
387,0,1,0,0,0,1,0,0,0,0,0,0,1,0
388,0,0,1,0,0,0,0,0,0,1,0,0,0,1
389,0,0,1,0,0,0,0,0,0,1,0,0,0,1
390,0,1,0,0,0,1,0,1,0,0,0,0,1,0
391,0,1,0,0,0,1,0,0,0,0,0,0,1,0
392,0,0,1,0,0,0,0,0,1,0,0,1,0,0
393,0,0,1,0,0,0,0,0,0,1,0,0,0,1
394,0,1,0,0,0,1,0,0,0,0,0,0,1,0
395,0,1,0,0,0,0,1,0,0,0,0,0,1,0
396,0,1,0,0,0,1,0,0,0,0,0,1,1,0
397,1,0,0,0,1,0,0,0,0,0,1,0,0,0
398,0,0,0,0,0,0,0,0,0,1,0,0,0,1
399,0,0,0,0,0,0,0,0,0,1,0,0,0,1
400,0,1,0,0,1,0,0,0,0,0,0,0,1,0
401,1,0,0,1,0,0,0,0,1,0,1,0,0,0
402,0,1,0,0,1,0,0,0,0,0,0,0,1,0
403,0,1,0,0,1,0,0,0,0,0,0,0,1,0
404,1,0,0,0,1,0,0,0,0,0,1,0,0,1
405,0,1,0,0,0,0,1,0,0,0,0,0,1,0
406,0,0,0,0,0,0,0,0,0,1,0,0,0,1
407,0,0,0,0,0,0,0,0,0,1,0,0,0,1
408,1,1,1,1,0,1,1,0,0,0,0,1,1,0
409,1,0,0,0,1,0,0,0,0,0,1,0,0,0
410,0,0,1,0,0,0,0,0,0,1,0,0,0,1
411,0,1,0,0,0,1,0,0,0,0,0,0,1,0
412,0,1,0,0,0,1,1,0,0,0,0,0,1,0
413,0,0,1,0,0,0,0,0,0,1,0,0,0,1
414,0,1,0,0,1,0,0,0,0,0,0,0,1,0
415,0,1,0,0,0,1,0,0,0,0,0,0,1,0
416,0,0,1,1,0,0,0,0,0,0,0,1,0,0
417,0,1,0,0,0,1,0,0,0,0,0,0,1,0
418,0,1,0,0,0,1,0,0,0,0,0,0,1,0
419,0,1,0,0,0,1,0,0,0,0,0,0,1,0
420,0,1,0,0,0,1,0,0,0,0,0,0,1,0
421,0,1,0,0,0,1,0,0,0,0,0,0,1,0
422,0,0,1,1,0,0,0,0,0,0,0,0,0,1
423,0,0,0,0,0,0,0,0,0,1,0,0,0,1
424,0,0,0,0,0,0,0,0,0,1,0,0,0,1
425,0,1,0,0,0,1,0,0,0,0,0,0,0,0
426,0,1,0,1,0,0,0,0,0,0,0,0,1,0
427,0,0,0,0,0,0,0,0,0,1,0,0,0,1
428,0,0,0,0,0,0,0,0,0,1,0,0,0,1
429,0,1,0,0,0,1,1,0,0,0,0,0,1,0
430,0,1,0,0,0,1,1,0,0,0,0,0,1,0
431,1,0,0,0,1,0,0,0,0,0,0,1,0,0
432,0,1,0,0,1,0,1,0,0,0,0,0,1,0
433,0,1,0,0,0,0,1,0,0,0,0,0,1,0
434,0,1,0,0,1,0,1,0,0,0,0,0,1,0
435,0,0,1,1,0,0,0,0,0,0,0,0,0,1
436,0,0,1,1,0,0,0,0,0,0,0,0,0,1
437,0,0,1,1,0,0,0,0,0,0,0,0,0,1
438,0,0,1,1,0,0,0,0,0,0,0,0,0,1
439,0,0,1,1,0,0,0,0,0,0,0,0,0,1
440,0,0,1,1,0,0,0,0,0,0,0,0,0,1
441,0,0,1,1,0,0,0,0,0,0,0,0,0,1
442,0,0,1,0,0,0,0,0,0,1,0,1,0,1
443,0,0,1,0,0,0,0,0,0,1,0,1,0,1
444,0,0,1,0,0,0,0,0,0,1,0,1,0,1
445,0,0,1,0,0,0,0,0,0,1,0,1,0,1
446,0,0,1,0,0,0,0,0,0,1,0,1,0,1
447,0,0,1,0,0,0,0,0,0,1,0,1,0,1
448,0,0,1,0,0,0,0,0,0,1,0,1,0,1
449,0,0,1,0,0,0,0,0,0,1,0,1,0,1
450,0,0,1,0,0,0,0,0,0,1,0,1,0,1
451,0,0,1,0,0,0,0,0,0,1,0,1,0,1
452,0,1,0,0,0,1,0,0,0,0,0,0,1,0
453,0,1,1,1,0,1,0,0,1,0,0,1,1,0
454,0,0,1,1,0,0,0,0,0,0,0,0,0,1
455,0,1,1,0,0,1,0,0,0,0,0,0,1,0
456,0,1,1,1,0,0,0,0,0,0,0,1,1,1
457,0,1,0,0,0,1,0,0,0,0,0,0,1,0
458,0,0,1,0,0,0,0,0,0,1,0,0,0,1
459,0,0,1,0,0,0,0,0,0,1,0,0,0,1
460,0,1,1,1,0,0,0,0,0,0,0,1,1,0
461,0,1,0,0,0,0,1,0,0,0,0,1,1,0
462,0,0,1,1,0,0,0,0,1,0,0,1,0,0
463,0,0,1,0,0,0,1,0,0,0,0,0,1,0
464,0,0,0,0,0,0,0,0,0,1,0,0,0,1
465,0,0,0,0,0,0,0,0,0,1,0,0,0,1
466,0,0,0,0,0,0,0,0,0,1,0,0,0,1
467,1,0,0,1,0,1,0,0,0,0,1,1,0,0
468,0,1,0,0,0,0,0,0,0,1,0,0,1,0
469,0,1,0,0,0,0,0,0,0,1,0,0,1,0
470,0,0,0,0,0,0,0,0,0,1,0,0,0,1
471,1,0,0,1,0,1,0,0,0,0,1,1,0,0
472,0,0,1,1,0,0,0,0,0,0,0,0,0,1
473,0,0,1,1,0,0,0,0,0,0,0,0,0,1
474,0,0,1,0,0,0,0,0,1,0,0,1,0,0
475,0,0,1,1,0,0,0,0,0,0,0,1,0,0
476,1,0,0,0,0,1,0,1,0,0,0,1,0,0
477,0,0,1,1,0,0,0,0,0,0,0,1,0,0
478,0,0,0,0,0,0,0,0,0,1,0,0,0,1
479,0,0,1,1,0,0,0,0,0,0,0,0,0,1
480,1,0,0,1,1,1,0,1,0,0,1,1,0,0
481,1,0,0,0,0,0,0,0,1,0,1,0,0,0
482,0,0,0,0,0,0,0,0,0,1,0,0,0,1
483,0,0,1,1,0,0,0,0,0,0,0,1,0,0
484,0,0,1,1,0,0,0,0,0,0,0,1,0,0
485,0,1,0,0,0,1,1,0,0,0,0,0,1,0
486,0,1,0,0,0,1,1,0,0,0,0,0,1,0
487,0,1,0,0,0,1,0,0,0,0,0,0,1,0
488,1,0,0,0,1,0,0,0,0,0,1,0,0,0
489,0,0,1,0,1,0,0,1,0,0,0,1,0,0
490,0,0,1,1,0,0,0,0,0,0,0,1,0,0
491,0,0,1,1,0,0,0,0,0,0,0,1,0,0
492,0,0,1,1,0,0,0,0,0,0,0,1,0,0
493,0,0,1,1,0,0,0,0,0,0,0,1,0,0
494,0,0,1,1,0,0,0,0,0,0,0,1,0,0
495,0,0,1,1,0,0,0,0,0,0,0,1,0,0
496,0,0,1,1,0,0,0,0,0,0,0,1,0,0
497,0,0,0,0,0,0,0,0,0,1,0,0,0,1
498,0,1,0,0,0,1,0,0,0,0,0,0,1,0
499,1,0,0,1,0,0,1,1,1,0,0,1,0,0
500,0,0,1,0,0,0,0,1,0,0,0,1,0,0
501,0,0,1,1,0,0,0,0,0,0,0,0,0,1
502,0,0,0,0,0,0,0,0,0,0,0,0,0,0
503,0,1,0,0,0,0,0,0,0,1,0,0,1,0
504,0,1,0,0,0,0,0,0,0,1,0,0,1,0
505,0,0,1,1,0,0,0,0,0,0,0,0,0,1
506,0,0,1,1,0,0,0,0,0,0,0,0,0,1
507,0,0,0,0,0,0,0,0,0,1,0,0,0,1
508,0,0,0,0,0,0,0,0,0,1,0,0,0,1
509,0,0,0,0,0,0,0,0,0,0,0,0,0,0
510,0,0,1,1,0,0,0,0,0,0,0,0,0,1
511,0,1,0,0,0,1,0,0,0,0,0,0,1,0
512,0,1,0,0,0,1,0,0,0,0,0,0,1,0
513,0,1,0,0,0,0,0,0,0,1,0,0,1,0
514,0,1,0,0,0,0,1,0,0,0,0,0,1,0
515,0,0,0,0,0,0,0,0,0,1,0,0,0,1
516,0,0,0,0,0,0,0,0,0,1,0,0,0,1
517,0,0,0,0,0,0,0,0,0,1,0,0,0,1
518,0,0,0,0,0,0,0,0,0,1,0,0,0,1
519,0,1,0,1,0,0,1,0,0,0,0,1,1,0
520,1,0,0,1,1,0,0,0,0,0,0,0,0,1
521,0,0,1,1,0,0,0,0,0,0,0,1,0,0
522,0,0,0,0,0,0,0,0,0,1,0,0,0,1
523,1,0,0,0,0,0,0,0,1,0,1,0,0,0
524,0,0,1,1,0,0,0,0,0,0,0,0,0,1
525,0,0,1,1,0,0,0,0,0,0,0,1,0,0
526,0,0,1,1,0,0,0,0,0,0,0,1,0,0
527,0,0,1,1,0,0,0,0,0,0,0,1,0,0
528,0,0,1,1,0,0,0,0,0,0,0,1,0,0
529,0,0,1,1,0,0,0,0,1,0,0,1,0,0
530,0,0,1,1,0,0,0,0,0,0,0,0,0,1
531,0,0,1,1,0,0,0,0,0,0,0,1,0,0
533,0,0,1,1,0,0,0,0,0,0,0,1,0,0
536,1,0,0,0,0,0,1,0,1,0,1,0,0,0
537,0,1,0,0,0,0,0,0,0,1,0,0,1,0
538,0,0,1,1,0,0,0,0,0,0,0,1,0,0
539,0,0,1,1,0,0,0,0,0,0,0,0,0,1
540,0,0,1,1,0,0,0,0,0,0,0,0,0,1
541,1,0,0,1,0,0,0,0,0,0,1,0,0,0
542,1,0,0,1,0,0,0,0,0,0,1,0,0,0
543,0,0,1,1,0,0,0,0,0,0,0,1,0,0
544,0,0,1,1,0,0,0,0,0,0,0,1,0,0
545,0,0,1,1,0,0,0,0,0,0,0,0,0,1
546,1,0,0,1,0,0,0,0,0,0,1,0,0,0
547,0,0,1,1,0,0,0,0,0,0,0,0,0,1
548,0,0,1,1,0,0,0,0,1,0,0,1,0,0
549,1,0,0,1,0,0,0,0,0,0,1,0,0,1
550,0,1,0,1,0,0,0,0,0,0,0,0,1,0
551,1,0,0,0,0,0,0,0,0,1,0,0,0,1
552,1,0,0,1,0,0,0,0,0,0,1,0,0,1
553,1,0,0,1,0,0,0,0,0,0,0,0,0,1
554,1,0,0,0,0,0,0,0,1,0,1,0,0,0
555,1,0,0,0,0,0,0,0,1,0,1,0,0,0
556,0,0,1,1,0,1,0,0,0,0,0,1,0,0
557,1,0,0,1,0,0,1,0,0,0,1,0,0,0
558,0,0,1,1,0,0,0,0,0,1,0,1,0,0
559,1,0,0,0,0,0,0,0,1,0,1,0,0,0
560,1,0,0,0,1,0,0,0,0,0,1,0,0,0
561,1,0,0,1,0,0,0,0,1,0,0,1,0,0
562,0,0,1,0,0,0,0,0,0,1,0,0,0,1
563,0,0,1,0,1,0,0,0,0,0,0,0,0,1
564,1,0,0,1,0,0,0,0,1,0,0,0,0,1
565,1,0,0,1,0,1,0,1,0,0,1,1,0,0
566,1,1,1,0,0,1,0,0,0,0,1,0,1,0
567,0,1,0,0,0,0,1,0,0,0,0,0,1,0
568,1,0,1,0,1,1,0,0,0,0,1,1,0,0
569,0,1,0,0,0,0,1,0,0,0,0,0,1,0
570,0,1,1,0,0,0,1,0,0,0,0,1,1,0
571,0,0,1,0,1,0,0,0,0,0,1,1,0,0
572,0,0,1,1,0,0,1,0,0,0,0,1,0,0
573,0,1,0,0,1,0,0,0,0,0,0,0,1,0
574,1,0,0,0,1,1,0,0,0,0,0,0,1,0
575,1,0,0,0,0,1,0,0,0,0,0,0,1,0
576,0,1,0,0,0,1,1,0,0,0,0,0,1,0
577,1,0,0,0,1,1,0,0,0,0,1,0,0,0
578,1,0,0,0,1,1,0,0,0,0,1,0,0,0
579,1,0,0,0,1,1,0,0,0,0,1,0,0,0
580,1,0,0,0,1,0,0,0,0,0,1,0,0,0
581,1,0,0,0,1,0,0,0,0,0,1,0,0,0
582,1,0,0,0,1,0,0,0,0,0,1,0,0,0
583,1,0,0,0,1,0,0,0,0,0,1,0,0,0
584,0,0,1,1,0,0,0,0,0,0,0,0,0,1
585,0,0,1,1,0,0,0,0,0,0,0,0,0,1
586,1,0,1,1,0,1,1,0,0,0,1,1,0,1
587,1,0,0,0,1,1,0,0,0,0,1,0,0,0
588,1,0,0,0,1,1,0,0,0,0,0,0,0,0
589,0,0,1,1,0,0,0,0,0,0,0,1,0,1
590,0,0,1,0,0,0,0,0,0,1,0,0,0,1
591,0,1,0,0,0,1,0,0,0,0,0,0,1,0
592,1,0,0,0,1,1,0,0,0,0,1,1,0,0
593,1,0,0,0,0,0,0,0,0,0,1,0,0,0
594,0,0,1,1,0,0,0,0,0,0,0,0,0,1
595,1,0,0,0,0,1,0,0,0,0,1,0,0,0
596,0,0,1,1,0,0,0,0,0,0,0,1,0,0
597,0,0,1,1,0,0,0,0,0,0,0,1,0,0
598,0,0,1,0,0,0,0,0,0,1,0,0,0,1
599,0,0,1,0,0,0,0,0,0,1,0,0,0,1
600,0,0,1,0,0,0,0,0,0,1,0,0,0,1
601,0,0,1,0,0,0,0,0,0,1,0,0,0,1
602,0,0,1,0,0,0,0,0,0,1,0,0,0,1
603,0,0,1,0,0,0,0,0,0,1,0,0,0,1
604,0,0,1,0,0,0,0,0,0,1,0,0,0,1
605,0,0,1,0,0,0,0,0,0,1,0,0,0,1
606,0,0,1,0,0,0,0,0,0,1,0,0,0,1
607,1,1,0,0,1,1,0,0,0,0,1,0,0,1
608,0,0,1,0,0,0,0,0,0,1,0,0,0,1
609,0,0,1,0,1,0,0,0,0,0,1,0,0,0
610,0,0,1,1,0,0,0,0,0,0,0,1,0,1
611,0,0,1,1,0,0,0,0,0,0,0,1,0,1
612,1,0,0,0,1,1,0,0,0,0,1,0,0,0
613,1,0,0,1,0,0,1,1,0,0,1,1,0,0
614,0,0,1,1,0,0,0,0,0,0,0,0,0,1
615,0,0,1,0,0,0,0,0,0,1,0,0,0,1
616,0,0,1,0,0,0,0,0,0,1,0,0,0,1
617,0,0,1,0,0,0,0,0,0,1,0,0,0,1
618,0,0,1,0,0,0,0,0,0,1,0,0,0,1
619,1,0,0,1,0,0,0,0,0,0,0,1,0,0
620,0,0,1,0,0,0,0,0,0,1,0,0,0,1
621,0,0,1,0,0,0,0,0,0,1,0,0,0,1
622,0,0,1,0,0,0,0,0,0,1,0,0,0,1
623,0,0,1,0,0,0,0,0,0,1,0,0,0,1
624,0,0,1,0,0,0,0,0,0,1,0,0,0,1
625,0,1,0,1,0,1,0,0,0,0,0,0,1,0
626,0,0,1,1,0,0,0,0,1,0,1,0,0,1
627,1,0,0,0,0,1,0,0,0,0,1,0,0,0
628,0,0,1,1,0,0,0,0,0,0,0,0,0,1
629,0,1,0,0,0,0,1,0,0,0,0,0,1,0
630,0,1,0,0,0,0,1,0,0,0,0,0,1,0
631,0,1,1,1,0,1,0,0,0,0,0,0,1,1
632,1,0,0,0,0,1,0,0,0,0,1,0,0,0
633,0,0,1,1,0,0,0,0,0,0,0,1,0,1
634,1,0,0,0,0,1,0,0,0,0,1,0,0,0
635,1,0,1,0,1,1,0,0,0,0,1,0,0,1
636,1,0,0,0,0,1,0,0,0,0,1,0,0,0
637,1,0,0,0,0,1,0,0,0,0,1,0,0,0
638,0,0,1,1,0,0,0,0,0,0,0,0,0,1
639,0,1,0,0,0,1,0,0,0,0,0,0,1,0
640,0,1,0,0,0,0,1,0,0,0,0,0,1,0
641,1,0,0,0,1,1,0,0,0,0,1,0,0,0
642,0,0,1,0,0,0,0,0,0,1,0,0,0,1
643,1,0,0,1,0,0,0,0,0,0,1,0,0,0
644,0,1,0,0,0,1,0,0,1,0,0,1,0,0
645,1,0,0,1,0,0,0,0,0,0,1,0,0,0
646,1,0,0,1,0,0,0,0,0,0,1,0,0,0
647,0,1,0,0,0,1,0,0,1,0,0,0,1,0
648,0,1,0,1,0,0,0,0,0,0,0,0,1,0
649,1,0,0,0,1,1,0,0,0,0,1,0,0,0
650,1,0,0,1,0,0,0,0,0,0,1,0,0,0
651,0,1,0,1,0,0,0,0,1,0,0,1,0,0
652,0,1,0,1,0,0,0,0,1,0,0,1,0,0
653,0,1,0,0,0,1,0,0,0,0,0,1,0,0
654,0,0,1,0,0,1,0,0,0,1,0,0,1,0
655,0,1,0,0,0,1,0,0,0,0,0,0,1,0
656,0,0,1,1,0,0,0,0,0,0,0,0,1,0
657,0,0,1,0,0,0,0,0,0,1,0,0,0,1
658,0,0,1,1,0,0,0,0,0,0,0,0,0,1
659,0,0,1,0,0,0,0,0,0,1,0,0,0,1
660,0,0,1,0,0,0,0,0,0,1,0,0,0,1
661,0,0,1,1,0,0,0,0,0,0,0,0,0,1
662,1,0,0,0,1,1,0,0,0,0,1,0,0,0
663,0,0,1,1,0,0,0,0,0,0,0,0,1,0
664,0,0,1,1,0,0,0,0,0,0,0,0,1,0
665,0,0,1,0,0,0,0,0,0,1,0,0,0,1
666,0,0,1,0,0,0,0,0,0,1,0,0,0,1
667,0,0,1,0,0,0,0,0,0,1,0,0,0,1
668,0,1,0,1,0,0,0,0,0,0,0,1,0,0
669,0,1,0,0,0,1,1,1,0,0,0,0,1,0
670,0,1,0,0,1,1,0,0,1,0,0,1,0,0
671,0,0,1,0,0,0,0,0,0,1,0,0,0,1
672,1,0,0,0,1,1,0,0,0,0,1,0,0,0
673,0,1,0,0,1,1,0,0,1,0,0,1,0,0
674,0,1,0,0,1,1,0,0,0,0,0,1,0,0
675,1,0,0,0,1,1,0,0,0,0,1,0,0,0
676,0,0,1,0,0,0,0,0,0,1,0,0,0,1
677,0,1,0,0,1,0,1,0,0,0,0,1,0,0
678,0,0,1,0,1,0,0,0,0,1,0,0,0,1
679,0,1,0,0,0,1,0,0,1,0,0,0,1,0
680,0,0,1,0,0,0,0,0,0,1,0,0,0,1
681,0,0,1,0,0,0,0,0,0,1,0,0,0,1
682,0,1,0,0,1,0,0,0,0,0,0,1,0,0
683,1,0,0,0,1,1,0,0,0,0,1,0,0,0
684,0,0,1,0,0,0,0,0,0,1,0,0,0,1
685,0,1,0,0,0,1,0,0,0,0,0,0,1,0
686,0,1,1,0,0,0,0,0,1,0,0,0,1,0
687,0,0,1,0,0,0,0,0,0,1,0,0,0,1
688,0,1,0,0,0,0,0,0,1,0,0,0,1,0
689,0,0,1,0,0,0,0,0,0,1,0,0,0,1
690,0,1,0,0,0,1,0,0,1,0,0,0,1,0
691,0,0,1,0,0,0,0,0,0,1,0,0,0,1
692,0,1,0,0,1,0,1,0,0,0,0,1,0,0
693,0,1,0,0,0,1,0,0,0,0,0,0,1,0
694,0,1,0,0,0,1,0,0,0,0,0,0,1,0
695,1,0,0,0,1,1,0,0,0,0,1,0,0,0
696,1,0,0,0,1,1,0,0,0,0,1,0,0,0
697,0,1,0,0,0,1,1,1,0,0,0,1,0,0
698,1,0,0,0,1,1,0,0,0,0,1,0,0,0
699,1,0,0,0,0,1,0,0,0,0,1,0,0,0
700,1,0,0,0,0,0,1,0,1,0,1,0,0,0
701,1,0,0,0,1,0,1,0,1,0,1,0,0,0
702,0,1,0,0,0,1,0,0,1,0,0,1,0,0
703,0,0,1,0,0,0,0,0,1,1,0,0,0,1
704,0,0,1,0,0,0,0,0,0,1,0,0,0,1
705,0,1,0,0,0,1,0,0,0,0,0,0,1,0
706,0,1,0,0,0,1,0,0,0,0,0,0,1,0
707,0,1,0,0,0,1,0,0,0,0,0,0,1,0
708,1,0,0,0,1,1,0,0,0,0,1,0,0,0
709,0,1,0,0,0,1,0,0,1,0,0,0,1,0
710,0,0,1,0,0,0,0,0,0,1,0,0,0,1
711,1,0,0,0,1,1,0,0,1,0,1,0,0,0
712,0,0,1,0,1,0,0,0,0,1,0,1,0,0
713,0,0,1,0,0,0,0,0,1,0,0,0,1,0
714,0,1,0,0,1,1,0,0,1,0,1,0,1,0
715,0,0,1,1,0,0,0,0,1,0,0,1,0,0
716,0,0,1,1,0,0,0,0,0,1,0,1,0,0
717,0,0,1,0,0,0,0,0,0,1,0,0,0,1
718,0,0,1,0,0,0,0,0,0,1,0,0,0,1
719,0,0,1,0,0,0,0,0,0,1,0,0,0,1
720,0,0,1,0,0,0,0,0,0,1,0,0,0,1
721,1,0,0,0,1,1,0,0,0,0,1,0,0,0
722,0,1,0,0,0,1,0,0,0,1,0,0,1,0
723,1,0,0,0,1,1,0,0,0,0,1,0,0,0
724,0,1,0,0,1,1,0,0,0,0,0,0,1,0
725,0,1,0,0,1,1,0,0,0,0,0,1,1,0
726,0,1,0,0,1,1,0,0,0,0,0,0,1,0
727,0,1,0,0,0,1,0,0,0,0,0,0,1,0
728,1,0,0,0,1,1,0,0,0,0,1,0,0,0
729,0,1,0,0,0,1,0,0,1,0,0,0,1,0
730,0,1,1,0,0,1,0,0,0,1,0,0,1,1
731,0,0,1,0,0,0,0,0,0,1,0,0,0,1
732,0,0,1,1,0,0,0,0,0,1,0,0,1,0
733,0,0,1,0,0,0,0,0,0,1,0,0,0,1
734,0,0,1,0,0,0,0,0,1,1,0,0,0,1
735,0,0,1,0,0,0,0,0,0,1,0,0,0,1
736,0,1,0,0,0,1,0,0,0,0,0,0,1,0
737,0,1,0,0,0,1,1,0,1,0,0,0,1,0
738,0,1,0,0,0,1,0,0,0,0,0,0,1,0
739,0,0,1,0,0,0,0,0,0,1,0,0,0,1
740,0,1,0,0,0,1,0,0,1,0,0,0,1,0
741,0,0,1,0,0,0,0,0,1,0,0,0,1,0
742,0,0,1,0,0,0,0,0,1,1,0,0,0,1
743,0,1,0,0,0,1,0,0,1,0,0,0,1,0
744,0,1,0,0,0,1,0,0,1,0,0,0,1,0
745,0,1,0,0,0,1,0,0,1,0,0,0,1,0
746,0,0,1,0,0,0,0,0,0,1,0,0,0,1
747,0,1,0,0,0,1,0,0,1,0,0,0,1,0
748,0,0,1,0,0,0,0,0,0,1,0,0,0,1
749,0,0,1,0,0,0,0,0,1,1,0,0,0,1
750,0,0,1,0,0,0,0,0,1,1,0,0,1,0
751,0,1,0,0,0,1,0,0,1,0,0,0,1,0
752,0,0,1,1,0,0,0,0,0,1,0,0,0,1
753,0,0,1,1,0,0,0,0,0,1,0,0,0,1
754,0,1,0,0,0,1,0,0,1,0,0,0,1,0
755,0,0,1,0,0,0,0,0,1,1,0,0,0,1
756,0,0,1,0,0,0,0,0,0,1,0,0,0,1
757,0,1,0,0,0,0,0,0,1,0,0,0,1,0
758,0,0,1,0,0,0,0,0,0,1,0,0,0,1
759,0,0,1,1,0,0,0,0,0,0,0,0,0,1
760,0,0,1,0,0,0,0,0,0,1,0,0,0,1
761,0,0,1,0,0,0,0,0,0,1,0,0,0,1
762,0,1,0,0,1,1,0,0,1,0,0,0,1,0
763,1,1,0,0,1,1,0,0,0,0,1,1,0,0
764,1,1,0,0,1,1,0,0,0,0,1,1,0,0
765,0,1,1,0,0,1,0,0,1,0,0,0,1,0
766,0,1,0,0,0,1,0,0,1,0,0,1,1,0
767,0,1,0,0,0,1,0,0,0,0,0,0,1,0
768,0,1,0,0,0,1,1,0,0,0,0,0,1,0
769,0,0,1,0,0,0,0,0,0,1,0,0,0,1
770,0,1,0,0,0,1,0,0,0,0,0,1,1,1
771,0,1,0,1,0,0,0,0,1,0,0,1,0,1
772,0,0,1,1,1,0,0,0,1,0,0,1,0,1
773,0,0,1,0,0,0,0,0,0,1,0,0,0,1
774,0,0,1,0,0,0,0,0,1,1,0,1,0,1
775,0,1,0,0,0,0,1,0,1,0,0,0,1,0
776,0,1,1,1,0,1,0,0,1,1,0,0,1,1
777,0,1,0,0,1,1,0,0,0,0,0,0,1,0
778,1,0,0,0,1,1,0,0,0,0,1,0,0,0
779,0,1,0,0,1,1,0,0,0,0,0,0,1,0
780,0,1,0,0,1,1,0,0,0,0,0,0,1,0
781,0,1,0,0,1,1,0,0,0,0,0,0,1,0
782,0,1,0,0,0,1,0,0,0,0,0,0,1,0
783,0,1,0,0,0,1,0,0,0,0,0,0,0,0
784,0,0,0,0,0,0,0,0,0,0,0,0,1,0
785,1,0,0,0,0,1,0,0,0,0,1,0,0,0
786,0,1,0,0,1,0,0,0,0,0,0,0,1,0
787,1,0,0,0,1,0,0,0,0,0,1,0,0,0
788,0,1,0,0,0,1,0,0,0,0,0,0,1,0
789,1,1,0,0,1,1,0,0,0,0,1,0,1,0
790,0,1,0,0,1,0,0,0,0,0,0,1,1,0
791,1,0,0,0,1,1,0,0,0,0,1,0,0,0
792,0,1,0,0,0,1,0,0,0,0,0,0,1,0
793,1,0,0,1,0,1,0,0,0,0,1,0,0,0
794,1,0,0,0,0,1,0,0,0,0,0,1,0,0
795,1,0,0,0,1,1,0,0,0,0,1,0,0,0
796,0,1,0,0,1,1,0,0,0,0,0,0,1,0
797,1,0,0,0,1,1,0,0,0,0,1,0,0,0
798,0,1,0,0,0,1,0,0,0,0,0,0,1,0
799,1,0,0,0,1,1,0,0,0,0,1,0,0,0
800,1,0,0,0,1,1,0,0,0,0,1,0,0,0
801,1,0,0,0,1,1,0,0,0,0,1,0,0,0
802,0,1,0,0,1,1,0,0,0,0,0,0,1,0
803,0,1,0,0,1,1,0,0,0,0,0,0,1,0
804,0,0,1,1,0,0,0,0,0,0,0,0,0,1
805,0,1,0,0,1,1,0,0,0,0,0,0,1,0
806,0,0,1,1,1,1,0,0,0,0,0,0,1,1
807,0,1,0,0,1,1,0,0,1,0,0,1,0,0
808,0,0,1,1,0,0,0,0,0,0,0,0,0,1
809,0,0,1,1,0,0,0,0,0,0,0,0,0,1
810,1,1,0,0,1,1,0,0,0,0,1,0,1,0
811,0,1,0,0,1,1,0,0,0,0,0,0,1,0
812,0,1,1,0,0,1,0,0,1,0,0,0,1,0
813,0,1,0,0,1,1,0,0,0,0,0,0,1,0
814,0,1,0,0,1,1,0,0,0,0,0,0,1,0
815,1,1,0,0,1,1,0,0,0,0,1,0,1,0
816,0,1,0,0,0,1,0,0,0,0,0,0,1,0
817,0,1,0,0,1,1,0,0,0,0,0,0,1,0
818,0,1,0,0,0,1,0,0,0,0,0,0,1,0
819,1,1,0,1,1,1,0,0,0,0,1,0,1,0
820,0,1,0,0,1,1,0,0,0,0,0,0,1,0
821,0,1,0,0,0,1,0,0,0,0,0,0,1,0
822,0,1,0,0,1,1,0,0,0,0,0,0,1,0
823,0,1,0,0,1,1,0,0,0,0,0,0,1,0
824,0,1,0,0,1,1,0,0,0,0,0,0,1,0
825,0,1,0,0,1,1,0,0,0,0,0,0,1,0
826,0,1,0,0,1,1,0,0,0,0,0,0,1,0
827,0,1,0,0,1,1,0,0,0,0,0,0,1,0
828,0,1,0,0,1,1,0,0,0,0,0,0,1,0
829,0,1,0,0,0,1,0,0,0,0,0,0,1,0
830,0,1,0,0,1,1,0,0,0,0,0,0,1,0
831,0,1,0,0,1,1,0,0,0,0,0,0,1,0
832,0,1,0,0,1,1,0,0,0,0,0,0,1,0
833,0,1,0,0,1,1,0,0,0,0,0,0,1,0
834,1,0,0,0,1,1,0,0,0,0,1,0,0,0
835,0,1,0,0,1,1,0,0,0,0,0,0,1,0
836,0,1,0,0,0,1,0,0,0,0,0,0,1,0
837,1,0,0,0,0,1,0,0,0,0,1,0,0,0
838,0,1,0,0,0,1,0,0,0,0,0,0,1,0
839,0,1,0,0,1,1,0,0,0,0,0,0,1,0
840,0,1,0,0,1,1,0,0,0,0,0,0,1,0
841,1,0,0,0,1,1,0,0,0,0,0,1,0,0
842,1,0,0,0,1,0,0,0,0,0,1,0,0,0
843,0,1,0,0,1,1,0,0,0,0,0,0,1,0
844,1,0,0,0,0,0,0,0,0,1,0,1,0,1
845,0,1,0,0,1,1,0,0,0,0,0,0,1,0
846,1,0,0,0,0,0,0,0,0,1,0,1,0,1
847,1,0,0,0,1,1,0,0,0,0,1,0,0,0
848,0,1,0,0,0,1,0,0,0,0,0,0,1,0
849,0,0,1,0,1,0,0,0,0,0,1,0,0,0
850,1,0,0,0,1,1,0,0,0,0,1,0,0,0
851,1,1,0,0,1,1,0,0,0,0,1,0,1,0
852,1,0,0,0,0,1,0,0,0,0,1,0,0,0
853,0,1,0,0,0,1,0,0,0,0,0,0,1,0
854,0,0,0,0,0,0,0,0,0,0,0,0,0,0
855,0,1,0,0,1,1,0,0,0,0,0,0,1,0
856,0,1,0,0,0,1,0,0,0,0,0,0,1,0
857,0,1,0,0,1,1,0,0,0,0,0,0,1,0
858,1,0,0,0,0,1,0,0,0,0,1,0,0,0
859,0,1,0,0,1,1,0,0,0,0,0,0,1,0
860,0,0,0,0,0,0,0,0,0,0,0,0,0,0
861,0,0,0,0,0,0,0,0,0,0,0,0,0,0
862,1,0,0,0,0,1,0,0,0,0,1,0,0,0
863,0,1,0,0,1,1,0,0,0,0,0,0,1,0
864,0,1,0,0,1,1,0,0,0,0,0,0,1,0
865,0,1,0,0,1,1,0,0,0,0,0,0,1,0
866,0,1,0,0,1,1,0,0,0,0,0,0,1,0
867,0,1,0,0,1,1,0,0,0,0,0,0,1,0
868,0,0,1,1,0,0,0,0,0,0,0,0,0,1
869,1,0,0,0,1,1,0,0,0,0,1,0,0,0
870,0,0,1,1,0,0,0,0,0,0,0,0,0,1
871,1,0,0,0,1,1,0,0,0,0,1,0,0,0
872,0,0,0,0,0,0,0,0,0,0,0,0,0,0
873,1,0,0,0,0,1,0,0,0,0,1,0,0,0
874,1,0,0,0,0,1,0,0,0,0,1,0,0,0
875,1,0,0,0,1,1,0,0,0,0,1,0,0,0
876,0,1,0,0,1,1,0,0,0,0,0,0,1,0
877,0,0,1,1,0,0,0,0,0,0,0,1,0,1
878,0,1,0,0,1,1,0,0,0,0,0,0,1,0
879,0,0,1,1,0,0,0,0,0,0,0,0,0,1
880,1,1,0,0,1,1,0,0,0,0,1,0,1,0
881,0,1,0,0,0,1,0,0,0,0,0,0,1,0
882,0,0,0,0,0,0,0,0,0,0,0,0,0,0
883,1,0,0,0,1,1,0,0,0,0,1,0,0,0
884,1,0,0,0,1,1,0,0,0,0,1,0,0,0
885,1,0,0,0,1,1,0,0,0,0,1,0,0,0
886,1,0,0,0,0,1,0,0,0,0,1,0,0,0
887,0,1,0,0,0,1,0,0,0,0,0,0,1,0
888,0,1,0,0,1,1,0,0,0,0,0,0,1,0
889,0,0,0,0,0,0,0,0,0,0,0,0,0,0
890,0,1,0,0,1,1,0,0,0,0,0,0,1,0
891,0,1,0,0,1,0,0,0,0,0,0,0,1,0
892,0,1,0,0,1,1,0,0,0,0,0,0,1,0
893,0,1,0,0,1,0,0,0,0,0,0,0,1,0
894,1,0,0,0,0,1,0,0,0,0,1,0,0,0
895,1,0,0,0,1,1,0,0,0,0,1,0,0,0
896,0,1,0,0,1,1,0,0,0,0,0,0,1,0
897,0,1,0,0,1,1,0,0,0,0,0,0,1,0
898,0,1,0,0,1,1,0,0,0,0,0,0,1,0
899,0,1,0,1,0,0,0,0,0,0,0,0,1,1
900,0,0,0,0,0,0,0,0,0,0,0,0,0,0
901,1,0,0,0,1,1,0,0,0,0,1,0,0,0
902,0,1,0,1,0,1,0,0,0,0,0,0,0,1
903,0,1,0,0,0,0,1,0,0,0,0,0,1,0
904,1,0,0,1,0,1,0,0,0,0,1,0,0,0
905,0,1,0,0,1,1,0,0,0,0,0,0,1,0
906,1,0,0,0,1,1,0,0,0,0,1,0,0,0
907,0,1,0,0,1,1,0,0,0,0,0,0,1,0
908,0,1,0,0,1,1,0,0,0,0,0,0,1,0
909,1,0,0,0,1,1,0,0,0,0,1,0,0,0
910,1,0,0,0,1,1,0,0,0,0,1,0,0,0
911,0,1,0,0,1,1,0,0,0,0,0,0,1,0
912,0,1,0,0,0,1,0,0,0,0,0,0,1,0
913,0,1,0,0,1,1,0,0,0,0,0,0,1,0
914,1,0,0,0,1,0,0,0,0,0,1,0,0,0
915,0,1,0,0,1,1,0,0,0,0,0,0,1,0
916,1,1,0,0,1,1,0,0,0,0,1,0,1,0
917,0,1,0,0,1,1,0,0,0,0,0,0,1,0
918,0,1,0,0,1,1,0,0,0,0,0,0,1,0
919,1,0,0,0,0,1,0,0,0,0,1,0,0,0
920,0,1,0,0,1,1,0,0,0,0,0,0,1,0
921,0,1,0,0,0,1,0,0,0,0,0,0,1,0
922,1,0,0,0,1,1,0,0,0,0,1,0,0,0
923,1,0,0,0,0,1,0,0,0,0,1,0,0,0
924,1,0,0,0,1,1,0,0,0,0,1,0,0,0
925,1,0,0,0,1,1,0,0,0,0,1,0,0,0
926,1,0,0,0,1,1,0,0,0,0,1,0,0,0
927,0,1,0,0,1,1,0,0,0,0,0,0,1,0
928,1,0,0,0,1,1,0,0,0,0,1,0,0,0
929,0,1,0,0,1,1,0,0,0,0,0,0,1,0
930,0,1,0,0,1,1,0,0,0,0,0,0,1,0
931,0,1,0,0,1,1,0,0,0,0,0,0,1,0
932,0,1,0,0,1,1,0,0,0,0,0,0,1,0
933,0,1,0,0,1,1,0,0,0,0,0,0,1,0
934,0,1,0,0,1,1,0,0,0,0,0,0,1,0
935,0,1,0,0,1,1,0,0,0,0,0,0,1,0
936,0,1,0,0,1,1,0,0,0,0,0,0,1,0
937,1,0,0,0,1,1,0,0,0,0,1,0,0,0
938,0,0,0,0,0,0,0,0,0,0,0,0,0,0
939,0,1,0,0,1,1,0,0,0,0,0,0,1,0
940,1,0,0,0,0,1,0,0,0,0,1,0,0,0
941,1,0,0,0,1,1,0,0,0,0,1,0,0,0
942,0,0,0,0,0,0,0,0,0,0,0,0,0,0
943,1,0,0,0,1,1,0,0,0,0,1,0,0,0
944,0,1,0,0,0,1,0,0,0,0,1,0,0,0
945,0,0,1,0,0,0,0,0,0,1,0,0,0,1
946,0,1,0,0,1,1,0,0,0,0,0,0,1,0
947,0,1,0,0,1,1,0,0,0,0,0,0,1,0
948,0,1,0,0,0,1,0,0,0,0,0,0,1,0
949,0,1,0,0,1,1,0,0,0,0,0,0,1,0
950,1,0,0,0,1,1,0,0,0,0,1,0,0,0
951,1,0,0,0,1,1,0,0,0,0,1,0,0,0
952,0,0,1,1,0,0,0,0,0,0,1,0,0,0
953,1,0,0,0,0,1,0,0,0,0,1,0,0,0
954,1,0,0,0,0,1,0,0,0,0,1,0,0,0
955,0,1,0,0,0,1,0,0,0,0,0,0,1,0
956,1,0,0,0,1,1,0,0,0,0,1,0,0,0
957,1,1,0,0,1,1,0,0,0,0,1,0,1,0
958,1,0,0,0,1,1,0,0,0,0,1,0,0,0
959,0,1,0,0,1,1,0,0,0,0,0,0,1,0
960,1,1,0,0,1,1,0,0,0,0,1,0,1,0
961,0,1,0,0,1,0,0,0,0,0,0,0,1,0
962,0,1,0,0,0,1,0,0,0,0,0,0,1,0
963,1,0,0,0,1,1,0,0,0,0,1,0,0,0
964,0,1,0,1,1,1,0,0,0,0,0,1,1,0
965,0,1,0,0,1,1,0,0,0,0,0,0,1,0
966,0,1,0,0,1,1,0,0,0,0,0,0,1,0
967,0,1,0,0,1,1,0,0,0,0,0,0,1,0
968,0,1,0,0,1,1,0,0,0,0,0,0,1,0
969,0,1,0,0,1,1,0,0,0,0,0,0,1,0
970,1,1,0,1,1,1,0,0,0,0,1,1,1,0
